{
    "user_badges":[
        {
            "id":41094,
            "granted_at":"2021-04-12T14:03:25.227Z",
            "created_at":"2021-04-12T14:03:25.227Z",
            "count":1,
            "badge_id":1,
            "user_id":109036,
            "granted_by_id":-1
        }
    ],
    "badges":[
        {
            "id":1,
            "name":"Basic",
            "description":"\u003ca href=\"https://blog.discourse.org/2018/06/understanding-discourse-trust-levels/\"\u003eGranted\u003c/a\u003e all essential community functions",
            "grant_count":19573,
            "allow_title":false,
            "multiple_grant":false,
            "icon":"fa-user",
            "image_url":null,
            "listable":true,
            "enabled":true,
            "badge_grouping_id":4,
            "system":true,
            "slug":"basic",
            "manually_grantable":false,
            "badge_type_id":3
        }
    ],
    "badge_types":[
        {
            "id":3,
            "name":"Bronze",
            "sort_order":7
        }
    ],
    "users":[
        {
            "id":109036,
            "username":"poz180906",
            "avatar_template":"/letter_avatar_proxy/v4/letter/p/13edae/{size}.png",
            "trust_level":1
        },
        {
            "id":-1,
            "username":"system",
            "avatar_template":"/uploads/default/original/2X/a/aa3fc04dfa7f87732e48477080d83bb91ca5bb53.png",
            "admin":true,
            "moderator":true,
            "trust_level":4
        }
    ],
    "user":{
        "id":109036,
        "username":"poz180906",
        "avatar_template":"/letter_avatar_proxy/v4/letter/p/13edae/{size}.png",
        "email":"somsen1988a@gmail.com",
        "secondary_emails":[],
        "unconfirmed_emails":[],
        "last_posted_at":null,
        "last_seen_at":"2021-07-12T19:06:28.158Z",
        "created_at":"2021-04-09T02:37:49.538Z",
        "ignored":false,
        "muted":false,
        "can_ignore_user":false,
        "can_mute_user":false,
        "can_send_private_messages":false,
        "can_send_private_message_to_user":false,
        "trust_level":1,
        "moderator":false,
        "admin":false,
        "title":"",
        "badge_count":1,
        "custom_fields":{},
        "time_read":1465,
        "recent_time_read":487,
        "primary_group_id":null,
        "primary_group_name":null,
        "primary_group_flair_url":null,
        "primary_group_flair_bg_color":null,
        "primary_group_flair_color":null,
        "featured_topic":null,
        "can_edit":true,
        "can_edit_username":true,
        "can_edit_email":true,
        "can_edit_name":false,
        "uploaded_avatar_id":null,
        "has_title_badges":false,
        "pending_count":0,
        "profile_view_count":0,
        "second_factor_enabled":false,
        "second_factor_backup_enabled":false,
        "associated_accounts":[],
        "can_upload_profile_header":true,
        "can_upload_user_card_background":true,
        "locale":"en",
        "muted_category_ids":[],
        "regular_category_ids":[],
        "watched_tags":[],
        "watching_first_post_tags":[],
        "tracked_tags":[],
        "muted_tags":[],
        "tracked_category_ids":[],
        "watched_category_ids":[],
        "watched_first_post_category_ids":[],
        "system_avatar_upload_id":null,
        "system_avatar_template":"/letter_avatar_proxy/v4/letter/p/13edae/{size}.png",
        "muted_usernames":[],
        "ignored_usernames":[],
        "allowed_pm_usernames":[],
        "mailing_list_posts_per_day":15,
        "can_change_bio":true,
        "can_change_location":true,
        "can_change_website":true,
        "user_api_keys":null,
        "user_auth_tokens":[
            {
                "id":219402,
                "client_ip":"172.68.234.167",
                "location":"unknown",
                "browser":"Google Chrome",
                "device":"Android Device",
                "os":"Android",
                "icon":"fab-android",
                "created_at":"2021-06-19T16:03:43.112Z",
                "seen_at":"2021-07-12T19:06:32.292Z"
            },
            {
                "id":205836,
                "client_ip":"172.68.234.172",
                "location":"unknown",
                "browser":"Google Chrome",
                "device":"Android Device",
                "os":"Android",
                "icon":"fab-android",
                "created_at":"2021-05-09T10:10:19.250Z",
                "seen_at":"2021-05-23T04:52:28.508Z"
            },
            {
                "id":145183,
                "client_ip":"172.68.234.162",
                "location":"unknown",
                "browser":"Google Chrome",
                "device":"Android Device",
                "os":"Android",
                "icon":"fab-android",
                "created_at":"2021-04-09T16:27:37.100Z",
                "seen_at":"2021-05-17T10:16:08.764Z"
            }
        ],
        "user_notification_schedule":{
            "enabled":false,
            "day_0_start_time":480,
            "day_0_end_time":1020,
            "day_1_start_time":480,
            "day_1_end_time":1020,
            "day_2_start_time":480,
            "day_2_end_time":1020,
            "day_3_start_time":480,
            "day_3_end_time":1020,
            "day_4_start_time":480,
            "day_4_end_time":1020,
            "day_5_start_time":480,
            "day_5_end_time":1020,
            "day_6_start_time":480,
            "day_6_end_time":1020
        },
        "use_logo_small_as_avatar":false,
        "featured_user_badge_ids":[
            41094
        ],
        "invited_by":null,
        "groups":[
            {
                "id":10,
                "automatic":true,
                "name":"trust_level_0",
                "display_name":"trust_level_0",
                "user_count":143856,
                "mentionable_level":0,
                "messageable_level":0,
                "visibility_level":1,
                "primary_group":false,
                "title":null,
                "grant_trust_level":null,
                "flair_url":null,
                "flair_bg_color":null,
                "flair_color":null,
                "bio_cooked":null,
                "bio_excerpt":null,
                "public_admission":false,
                "public_exit":false,
                "allow_membership_requests":false,
                "full_name":null,
                "default_notification_level":3,
                "membership_request_template":null,
                "members_visibility_level":0,
                "can_see_members":true,
                "publish_read_state":false
            },
            {
                "id":11,
                "automatic":true,
                "name":"trust_level_1",
                "display_name":"trust_level_1",
                "user_count":19573,
                "mentionable_level":0,
                "messageable_level":0,
                "visibility_level":1,
                "primary_group":false,
                "title":null,
                "grant_trust_level":null,
                "flair_url":null,
                "flair_bg_color":null,
                "flair_color":null,
                "bio_cooked":null,
                "bio_excerpt":null,
                "public_admission":false,
                "public_exit":false,
                "allow_membership_requests":false,
                "full_name":null,
                "default_notification_level":3,
                "membership_request_template":null,
                "members_visibility_level":0,
                "can_see_members":true,
                "publish_read_state":false
            }
        ],
        "group_users":[
            {
                "group_id":10,
                "user_id":109036,
                "notification_level":3,
                "owner":false
            },
            {
                "group_id":11,
                "user_id":109036,
                "notification_level":3,
                "owner":false
            }
        ],
        "user_option":{
            "user_id":109036,
            "mailing_list_mode":false,
            "mailing_list_mode_frequency":1,
            "email_digests":false,
            "email_level":1,
            "email_messages_level":0,
            "external_links_in_new_tab":false,
            "color_scheme_id":null,
            "dark_scheme_id":null,
            "dynamic_favicon":false,
            "enable_quoting":true,
            "enable_defer":false,
            "digest_after_minutes":0,
            "automatically_unpin_topics":true,
            "auto_track_topics_after_msecs":240000,
            "notification_level_when_replying":2,
            "new_topic_duration_minutes":2880,
            "email_previous_replies":2,
            "email_in_reply_to":false,
            "like_notification_frequency":3,
            "include_tl0_in_digests":false,
            "theme_ids":[
                15
            ],
            "theme_key_seq":0,
            "allow_private_messages":true,
            "enable_allowed_pm_users":false,
            "homepage_id":null,
            "hide_profile_and_presence":false,
            "text_size":"normal",
            "text_size_seq":0,
            "title_count_mode":"notifications",
            "timezone":"Asia/Bangkok",
            "skip_new_user_tips":false
        }
    }
}
